{"type":"Barrier150","color":{"r":255,"g":197,"b":143,"a":255},"position":{"x":594.4000244140625,"y":622.9000244140625,"z":0.0},"rotation":{"x":0.0,"y":0.0,"z":0.8966388702392578}}