{"walls":["{\"type\":\"Angular-135\",\"color\":{\"r\":243,\"g\":13,\"b\":13,\"a\":255},\"position\":{\"x\":486.0,\"y\":540.0,\"z\":0.0},\"rotation\":{\"x\":0.0,\"y\":0.0,\"z\":-0.9025852680206299}}","{\"type\":\"Angular-135\",\"color\":{\"r\":243,\"g\":13,\"b\":13,\"a\":255},\"position\":{\"x\":440.0,\"y\":903.0,\"z\":0.0},\"rotation\":{\"x\":0.0,\"y\":0.0,\"z\":0.7071068286895752}}","{\"type\":\"Angular-180\",\"color\":{\"r\":243,\"g\":13,\"b\":13,\"a\":255},\"position\":{\"x\":624.0,\"y\":748.0,\"z\":0.0},\"rotation\":{\"x\":0.0,\"y\":0.0,\"z\":0.052336014807224277}}","{\"type\":\"Angular-135\",\"color\":{\"r\":243,\"g\":13,\"b\":13,\"a\":255},\"position\":{\"x\":190.0,\"y\":540.0,\"z\":0.0},\"rotation\":{\"x\":0.0,\"y\":0.0,\"z\":0.7431448698043823}}","{\"type\":\"Angular-135\",\"color\":{\"r\":243,\"g\":13,\"b\":13,\"a\":255},\"position\":{\"x\":190.0,\"y\":715.0,\"z\":0.0},\"rotation\":{\"x\":0.0,\"y\":0.0,\"z\":0.24000559747219087}}","{\"type\":\"Angular-135\",\"color\":{\"r\":243,\"g\":13,\"b\":13,\"a\":255},\"position\":{\"x\":557.0467529296875,\"y\":312.8369445800781,\"z\":0.0},\"rotation\":{\"x\":0.0,\"y\":0.0,\"z\":0.7431448698043823}}","{\"type\":\"Angular-135\",\"color\":{\"r\":243,\"g\":13,\"b\":13,\"a\":255},\"position\":{\"x\":274.4844665527344,\"y\":1003.323486328125,\"z\":0.0},\"rotation\":{\"x\":0.0,\"y\":0.0,\"z\":-0.1477179080247879}}","{\"type\":\"Angular-135\",\"color\":{\"r\":243,\"g\":13,\"b\":13,\"a\":255},\"position\":{\"x\":206.8287353515625,\"y\":207.37353515625,\"z\":0.0},\"rotation\":{\"x\":0.0,\"y\":0.0,\"z\":0.9748509526252747}}"],"barriers":["{\"type\":\"Barrier-150\",\"color\":{\"r\":255,\"g\":197,\"b\":143,\"a\":255},\"position\":{\"x\":594.4000244140625,\"y\":622.9000244140625,\"z\":0.0},\"rotation\":{\"x\":0.0,\"y\":0.0,\"z\":0.8966388702392578}}","{\"type\":\"Barrier-200\",\"color\":{\"r\":255,\"g\":197,\"b\":143,\"a\":255},\"position\":{\"x\":612.76318359375,\"y\":997.35400390625,\"z\":0.0},\"rotation\":{\"x\":0.0,\"y\":0.0,\"z\":0.6018372774124146}}"],"portals":["{\"type\":\"Portal-In-Blue-Yellow\",\"position\":{\"x\":97.0,\"y\":863.0,\"z\":0.0},\"rotation\":{\"x\":0.0,\"y\":0.0,\"z\":0.5555053949356079}}","{\"type\":\"Portal-Out-Blue-Yellow\",\"position\":{\"x\":112.0,\"y\":344.0,\"z\":0.0},\"rotation\":{\"x\":0.0,\"y\":0.0,\"z\":-0.7071068286895752}}","{\"type\":\"Portal-In-Red-Green\",\"position\":{\"x\":422.0,\"y\":235.0,\"z\":0.0},\"rotation\":{\"x\":0.0,\"y\":0.0,\"z\":0.9633398056030273}}","{\"type\":\"Portal-Out-Red-Green\",\"position\":{\"x\":664.3121948242188,\"y\":168.57696533203126,\"z\":0.0},\"rotation\":{\"x\":0.0,\"y\":0.0,\"z\":0.0}}"]}